decision,filename,noise_hits,esg_hits
exclude,001-AJSandyIncvJuniorCityInc.md,0,0
retain,001-BoardofTrusteesoftheUniversityofIllinoisvMicronTechnologyInc.md,0,1
exclude,001-BroadcastMusicIncvTexBorderManagementInc.md,3,0
retain,001-HollandvWest.md,0,2
retain,001-JohnsonvWest.md,0,2
exclude,001-JohnstonvTwentiethCentury-FoxFilmCorp.md,0,0
retain,001-PortervGraftechInternationalLtd.md,0,12
exclude,001-RandolphvDimensionFilms.md,4,0
retain,001-SpencevAmericanAirlinesInc.md,0,16
retain,001-TexasPacificLandCorporationvHorizonKineticsLLC.md,0,14
exclude,002-BianivShowtimeNetworksInc.md,1,0
exclude,002-Chi-BoyMusicvTowneTavernInc.md,2,0
exclude,002-DangvSanFranciscoFortyNiners.md,0,0
retain,002-EasternShipbuildingGroupIncvUnitedStates.md,0,5
exclude,002-FostervLee.md,3,0
retain,002-MaloleyvWest.md,0,2
exclude,002-MargaeIncvClearLinkTechnologiesLLC.md,2,0
retain,002-QianvZheng.md,0,4
retain,003-ChangvNoh.md,0,2
exclude,003-ComplianceSourceIncvGreenpointMortgFundingInc.md,2,1
retain,003-CraigvTargetCorporation.md,0,9
retain,003-ESGCapitalPartnersLPvStratos.md,0,2
exclude,003-InnovationIndustriesLLCvPartnershipsIdentifiedonScheduleA.md,3,0
exclude,003-InreAvalonSoftwareInc.md,2,0
exclude,003-LapsleyvAmericanInstituteofCertifiedPublicAccountants.md,1,0
exclude,003-OleSmokyDistilleryLLCvKingDistillingCoLLC.md,0,0
exclude,004-AllenvScholasticInc.md,1,0
exclude,004-BlazonIncvDeLuxeGameCorp.md,6,1
retain,004-CentripetalNetworksIncvCiscoSystemsInc.md,0,1
exclude,004-MicroDataBaseSystemsIncvNellcorPuritan-BennettInc.md,4,2
exclude,004-SouthernBellTelandTelCovAssociatedTelephoneDirectoryPublishers.md,3,0
exclude,004-TecnoglassLLCvParedes.md,1,0
retain,004-TexasvBlackRockInc.md,0,12
retain,004-WinstonAndStrawnLLPvMid-AtlanticArenaLLC.md,0,1
retain,005-EuroactividadeSpringGreenvTownofWyomingBdofReview.md,0,1
exclude,005-GrassivGrassi.md,1,1
exclude,005-HustlersIncvThomasson.md,4,1
retain,005-InreLumenTechnologiesIncSecuritiesLitigationII.md,0,11
exclude,005-JohnsonControlsIncvRumore.md,1,2
retain,005-OwenvCannon.md,0,2
exclude,005-RonaldLitoffLtdvAmericanExpCo.md,4,1
exclude,005-TafasvKappos.md,0,0
exclude,005-VanderbiltUniversityvScholasticInc.md,5,2
exclude,006-BartonCandyCorpvTellChocolateNoveltiesCorp.md,2,0
retain,006-ChamberofCommerceofUnitedStatesvSecuritiesandExchangeCommission.md,0,8
retain,006-CollettevMcDonough.md,0,2
exclude,006-CraigvUMGRecordingsInc.md,3,0
exclude,006-FacilityGuidelinesInstituteIncvUpCodesInc.md,3,0
exclude,006-LAPrintexIndustriesIncvAeropostaleInc.md,3,0
retain,006-RichmondGlobalCompassFundManagementGPLLCvJussen.md,0,4
retain,006-TanoosvState.md,0,2
exclude,006-UniversalPicturesCovHaroldLloydCorp.md,4,0
exclude,007-AAndMRecordsIncvNapsterInc.md,3,0
retain,007-AshfordvShinseki.md,0,2
exclude,007-CainvUniversalPicturesCo.md,1,0
exclude,007-CreeIncvShelterInternationalInc.md,0,0
retain,007-FodorvEasternShipbuildingGroup.md,0,1
exclude,007-StecherLithographicCovDunstonLithographCo.md,0,0
retain,007-UtahvWalsh.md,0,10
exclude,007-YMaxCorpvATAndTIntellectualPropertyIILP.md,0,0
exclude,008-ABKCOMusicIncvSagan.md,3,0
exclude,008-HaloCreativeAndDesignLimitedvComptoirDesIndesInc.md,0,0
retain,008-HicksvGrimmwayEnterprisesInc.md,0,5
exclude,008-HoffmanvLeTraunik.md,0,0
exclude,008-ICexrelSolovskyvDeltaGalilUSA.md,3,0
exclude,008-NorwestCorpvCIR.md,1,0
retain,008-SmithvGuidantGlobalInc.md,0,4
retain,009-AllianzGlobalInvestorsGmbHvBankofAmericaCorporation.md,0,2
exclude,009-BelairvMGAEntertainmentInc.md,3,0
retain,009-BrownvStarkka.md,0,2
exclude,009-CyWakemanIncvNicolePriceConsultingLLC.md,3,2
retain,009-DzibelavBlackRockInc.md,0,5
retain,009-NewYorkCityPublicPensionFundsvCoupangInc.md,1,6
exclude,009-RiminiStreetIncvOracleInternationalCorp.md,4,1
retain,009-SynventiveMoldingSolutionsIncvHuskyInjectionMoldingSystemsInc.md,0,1
retain,009-UnitedStatesvStratos.md,0,1
retain,01-FossievWest.md,0,2
retain,01-HovervGober.md,0,2
retain,01-JohnstonvWest.md,0,2
retain,010-AlbertTrostelAndSonsCompanyvNotz.md,0,3
retain,010-AmericanNeedleIncvNewOrleansLouisianaSaints.md,0,1
exclude,010-ArthurvAmericanBroadcastingCompaniesInc.md,3,0
retain,010-JonesvCityofDallasTexas.md,0,2
exclude,010-QuantlabTechnologiesLtdBVIvGodlevsky.md,4,0
retain,010-SchonvFrantz.md,0,2
exclude,010-SkurkaAerospaceIncvEatonAerospaceLLC.md,0,0
exclude,010-StatevGaleDistributorsInc.md,1,0
retain,011-AlbertTrostelAndSonsCovNotz.md,0,4
retain,011-BhangalvHawaiianElectricIndustriesInc.md,0,7
exclude,011-CornerstoneHomeBuildersIncvMcAllister.md,2,0
retain,011-InreWellsFargoAndCompanyHiringPracticesDerivativeLitigation.md,0,12
retain,011-KBCAssetManagementNVvDiscoverFinancialServices.md,0,6
exclude,011-LaveryvPursuantHealthInc.md,1,0
exclude,011-MattelIncvPitt.md,3,0
exclude,011-SAndSInnovationsCorpvUUSILLC.md,4,1
retain,011-dmarcianIncvdmarcianEuropeBV.md,7,3
retain,012-DumontvUnitedStatesDepartmentoftheAirForce.md,0,5
retain,012-ESGTechnicalServicesLLCvAdvantageHealthSolutionsInc.md,0,1
retain,012-FanucchivEnvivaInc.md,0,12
retain,012-InreDEISystemsInc.md,0,3
exclude,012-LaResolanaArchitectsPAvRenoInc.md,2,0
exclude,012-OBrienvChappelAndCo.md,0,0
retain,012-UnitedStatesSecuritiesandExchangeCommissionvRevenHoldingsInc.md,0,2
exclude,012-WildhawkInvestmentsLLCvBravaIPLLC.md,0,0
exclude,012-WilliamsElectronicsIncvBallyMfgCorp.md,4,0
retain,013-CityofOwensborovKentuckyUtilitiesCo.md,0,1
exclude,013-Kamdem-OuaffovPepsicoInc.md,4,1
exclude,013-MayvSonyMusicEntertainment.md,3,0
exclude,013-PendletonvAcuff-RosePublicationsInc.md,2,0
exclude,013-SantosvKimmel.md,3,0
retain,013-ShawvCollins.md,0,2
retain,013-USvZambrano.md,0,2
exclude,013-eScholarLLCvOtisEducationalSystemsInc.md,3,0
retain,014-DahmanvIllinoisDeptofHumanRights.md,0,4
exclude,014-GlobalCoolingIncvECSagittarBV.md,2,0
exclude,014-HansonPipeAndProductsIncvBridgeTechnologiesLLC.md,2,1
exclude,014-HirschvParamountPictures.md,1,0
exclude,014-LeevPOWEntertainmentInc.md,0,0
exclude,014-MatterofWelfareofChildofJLG.md,0,0
exclude,014-NuTechMedicalIncvLiventaBioscienceInc.md,1,1
retain,014-WojcikonbehalfofOmegaHealthcareInvestorsIncvOmegaHealthcareInve.md,0,7
exclude,015-AmericanNeedleIncvNationalFootballLeague.md,0,0
exclude,015-CabellvSonyPicturesEntertainmentInc.md,2,1
retain,015-ColdwellvRitecorpEnvironmentalPropertySolutions.md,0,2
retain,015-EMCCorpvSmith.md,0,1
exclude,015-McArdlevMattelInc.md,5,1
exclude,015-NextdoorComIncvAbhyanker.md,2,2
exclude,015-RealsongsUniversalMusicCorpv3ANorthParkAveRestCorp.md,3,0
exclude,016-AmericanRacingEquipmentIncvWeld.md,2,1
exclude,016-KellnervTechnicalAssociatesInc.md,1,2
exclude,016-MillerUKLtdvCaterpillarInc.md,4,2
exclude,016-PetersvWest.md,2,0
retain,016-QQCIncvHewlett-PackardCo.md,1,3
exclude,016-SegalvJohnson.md,0,0
retain,016-WestvBrown.md,0,2
exclude,017-BridgeportMusicIncvUMGRecordingsInc.md,3,0
exclude,017-EdibleIPLLCvGoogleLLC.md,0,0
retain,017-HaileyvWest.md,0,2
retain,017-MurrayvPrincipi.md,0,2
exclude,017-TaleceIncvZhengZhang.md,1,2
exclude,017-TetervGlassOnionInc.md,5,0
exclude,017-UniversalFurnitureInternIncvCollezioneEuropaUSAInc.md,4,0
retain,018-InreFuBoTVIncSecuritiesLitigation.md,0,4
retain,018-IslandIPAcquisitionsLLCvAntle.md,0,1
exclude,018-MeridianProjectSystemsIncvHardinConstCoLLC.md,3,1
exclude,018-RicevFoxBroadcastingCo.md,4,1
exclude,018-SAMusicLLCvAppleInc.md,3,0
retain,018-SEBInvestmentManagementABvWellsFargoAndCompany.md,0,5
retain,018-SecuritiesIndustryandFinancialMarketsAssociationvAshcroft.md,0,6
exclude,018-UnitedStatesvCytogelPharmaLLC.md,0,0
exclude,019-AbarcaHealthLLCvPharmPixCorp.md,3,2
retain,019-CampbellvGECOSGMBH.md,0,1
exclude,019-DavidsonvUnitedStates.md,3,0
retain,019-InreTargetCorpShareholderDerivativeActionLitigation.md,0,7
retain,019-MarkeyvVerimatrixInc.md,0,1
exclude,019-TireEngineeringandDistributionLLCvShandongLinglongRubberCoLtd.md,6,0
retain,019-WilliamsCompaniesStockholderLitigation.md,0,7
retain,02-DolibervWest.md,0,2
retain,02-InreTeligentInc.md,0,1
retain,02-MakeUCaGoodNeighborvRegentsofUniversityofCalifornia.md,0,3
retain,02-NewYorkvUnitedStatesDepartmentofCommerce.md,1,9
exclude,020-DaimlervMoehle.md,1,0
exclude,020-GrinervKing.md,3,0
exclude,020-MechanicalPlasticsCorpvWWGraingerInc.md,5,0
retain,020-SabaCapitalMasterFundLTDvBlackrockESGCapitalAllocationTrust.md,0,2
retain,020-SmithvRecrionCorp.md,0,1
exclude,020-TufAmericaIncvDiamond.md,3,0
retain,020-USvPuerto.md,0,1
exclude,021-FunkyFilmsIncvTimeWarnerEntertainmentCoLP.md,2,0
retain,021-InreKLXIncSecuritiesLitigation.md,0,3
exclude,021-JRLazaroBuildersIncvRERipbergerBuildersInc.md,3,0
exclude,021-JimOlivePhotographyvUniversityofHoustonSystem.md,4,0
exclude,021-RichardsvColumbiaBroadcastingSystemInc.md,2,0
retain,021-TexasvSecuritiesandExchangeCommission.md,0,11
exclude,021-XYZCorporationvIndividualsPartnershipsandUnincorporatedAssociation.md,4,0
exclude,022-BatistevLewis.md,3,0
exclude,022-SevenOaksMillworkIncvRoyalFoamUSLLC.md,2,0
retain,022-StewartvMcDonald.md,0,1
retain,022-WaldnervNatixisInvestmentManagersLP.md,0,7
exclude,022-WestPubCovEdwardThompsonCo.md,1,1
exclude,022-WhyteMonkeeProductionsLLCvNetflixInc.md,3,0
exclude,023-CortesvUniversalMusicLatino.md,1,0
retain,023-DrennenvOlympusAmericaInc.md,0,1
exclude,023-EVTransportationServicesIncvMichiganIncomeandPrincipal-ProtectedG.md,0,0
retain,023-HugliSuttervPalmasHospitalityManagementLLC.md,0,3
retain,023-SabaCapitalMasterFundLtdvClearBridgeEnergyMidstreamOpportunityFu.md,0,3
exclude,023-ScentsyIncvBRChaseLLC.md,3,2
retain,023-SchentagvNebgen.md,0,4
exclude,023-WildlifeExpCorpvCarolWrightSalesInc.md,3,0
exclude,024-AsuntovShoup.md,3,2
retain,024-BurnsvStratos.md,0,6
retain,024-CookeAndMosesLLCvQSS-EngineeredSystemsGroupLLC.md,0,1
retain,024-GillmorevIllinoisDeptofHumanServices.md,0,2
exclude,024-HulexMusicvSanty.md,3,0
exclude,024-McElroyvCourtneyAjinaEventsLLC.md,6,0
exclude,024-PPSIncvJewelrySalesRepresentativesInc.md,3,0
exclude,024-StClairIntellectualPropertyConsultansIncvSamsungElectronicsCoLtd.md,0,0
retain,024-TheDetroitEdisonCovBurlingtonNorthernandSantaFeRyCo.md,0,1
exclude,025-AlfredvWaltDisneyCompany.md,1,0
exclude,025-AndyWarholFoundationfortheVisualArtsIncvGoldsmith.md,3,0
exclude,025-AtigeoLLCvJonas.md,1,1
retain,025-BeltonvNicholson.md,0,2
retain,025-BrainvExecu-SearchGroupLLC.md,0,1
retain,025-BurnsvThuney.md,0,6
exclude,025-ComedicaIncorporatedvHill-RomServicesInc.md,1,0
exclude,025-LiveFaceonWebLLCvTheControlGroupMediaCompanyInc.md,3,0
exclude,026-AmericanVisualsCorpvHolland.md,2,1
retain,026-AxosFinancialIncvReceptionPurchaserLLC.md,0,3
exclude,026-InformationExchangeSystemsIncvFirstBankNatAssn.md,1,0
exclude,026-InternationalDiamondImportersIncvOrientalGemcoNYInc.md,5,1
retain,026-LoweryvMills.md,0,5
retain,026-MSGWRealEstateFundLLCvMountainLakesBorough.md,0,2
exclude,026-SelectiveInsuranceCompanyofAmericavSinger.md,4,1
exclude,026-TicketmasterLLCvRMGTechnologiesInc.md,3,0
retain,026-WalshvSearchExplorationInc.md,0,1
retain,027-CreativePowerSolutionsvEnergyServicesGroup.md,0,2
exclude,027-EnvironmentSolutionsAssociatesGroupLLCvConopcoInc.md,1,1
exclude,027-GalvViacomInternInc.md,3,0
retain,027-KeipervVictorValleyTransitAuthority.md,0,1
exclude,027-LongvDorset.md,2,0
exclude,027-LynxVenturesLLCvMiller.md,3,1
exclude,027-McFeevPresley.md,1,1
retain,027-MoyavBrown.md,0,2
exclude,027-TwoPalmsSoftwareIncvWorldwideFreightManagementLLC.md,3,1
retain,028-AxiomWorldwideIncvHTRDGroupHongKongLimited.md,0,1
exclude,028-BuckvDacier.md,1,0
exclude,028-EliteSupplierGroupIncvDuBois.md,1,2
retain,028-ElnessSwensonGrahamArchitectsIncvRLJII-CAustinAirLP.md,0,1
exclude,028-InreConrad.md,0,0
exclude,028-MonbovNathan.md,5,2
retain,028-NoflesvStateFarmMutAutoInsCo.md,0,2
exclude,028-WesternGecovIonGeophysicalCorp.md,1,1
exclude,029-EvolutionMaltaLimitedvLightAndWonderInc.md,1,0
exclude,029-HartmanvHallmarkCardsInc.md,4,0
exclude,029-InreAlbarran.md,5,0
retain,029-MoorervVerizonCommunicationsInc.md,0,1
retain,029-SabaCapitalMasterFundLtdvBlackRockMunicipalIncomeFundInc.md,0,2
exclude,029-SegalvGeishaNYCLLC.md,2,1
exclude,029-WhiteParkBaySoftwareLtdvXIDInc.md,0,0
retain,03-CityPensionFundforFirefightersandPoliceOfficersinCityofTampaBay.md,0,7
retain,03-CityofHialeahEmployeesRetirementSystemvPelotonInteractiveInc.md,0,5
retain,03-ESGWattsIncvIllinoisPollutionControlBd.md,0,4
retain,03-InreKatrinaCanalBreachesConsolLitigation.md,0,1
exclude,030-BassettvJensen.md,4,1
retain,030-BichlervDEISystemsInc.md,0,4
exclude,030-BuckvCrescentGardensOperatingCo.md,1,0
exclude,030-ChromagenVisionLLCvEichenholtz.md,0,0
retain,030-EnergyPolicyAdvocatesvSecuritiesandExchangeCommission.md,0,6
exclude,030-HigginsvBaker.md,1,0
retain,030-PerfectSurgicalTechniquesIncvOlympusAmericaInc.md,0,1
exclude,030-WHAndersonCovBaldwinLawPubCo.md,0,0
retain,031-BoothvGober.md,0,2
retain,031-ComRentInternLLCvPalatini.md,3,3
exclude,031-HyperHealingLLCvShapiro.md,1,0
exclude,031-NavarrovProcterAndGambleCompany.md,3,1
retain,031-WardvWest.md,0,2
exclude,031-WhitevDistroKid.md,3,0
exclude,031-WildHorseConceptsLLCvHasbroInc.md,1,1
exclude,032-ChicagoStyleProductionsIncvChicagoSunTimesInc.md,3,0
retain,032-HambyvProfileProductsLLC.md,0,1
retain,032-IllinoisEnvironmentalProtectionAgencyvIllinoisPollutionControlBd.md,0,2
exclude,032-KindergartnersCountIncvDemoulin.md,5,1
exclude,032-KurlanvColumbiaBroadcastingSystem.md,1,0
retain,032-Point12DiversifiedFundLPvTMCTheMetalsCompany.md,0,6
exclude,032-PremierDealerServicesIncvAllegianceAdministratorsLLC.md,1,0
exclude,032-RobertsvGallery.md,4,0
exclude,033-BradburyvColumbiaBroadcastingSystemInc.md,3,0
exclude,033-ColumbiaPicturesTelevisionvKryptonBroadcastingofBirminghamInc.md,3,0
retain,033-CountyofWestchestervUSDeptofHousingandUrbanDevelopment.md,0,3
exclude,033-FlavaWorksIncvA4AReseauInc.md,1,1
retain,033-GruganvBBCBrownBoveriInc.md,0,2
retain,033-InreIntegraLifesciencesHoldingsCorporationSecuritiesLitigation.md,0,5
exclude,033-KeaneDealerServicesIncvHarts.md,1,0
exclude,033-LatimervRoaringToyzInc.md,3,0
exclude,034-DisneyEnterprisesIncvVidAngelInc.md,3,0
retain,034-FlammvWest.md,0,2
retain,034-GarciavExecuSearchGroupLLC.md,0,1
exclude,034-HKMENTERPRISESINCDBAADAPTIVELAUNCHSOLUTIONSPlaintiffvPARSONSGOVE.md,1,1
retain,034-MastersonvMcCroskie.md,0,1
exclude,034-SternvDoes.md,6,1
exclude,034-WilliamsvGenesisFinancialTechnologiesInc.md,1,1
exclude,035-CapitolRecordsIncvMP3tunesLLC.md,3,0
retain,035-ESGWattsIncvPollutionControlBd.md,0,2
exclude,035-EstateofHeviavPortrioCorp.md,3,0
retain,035-HodisonvWest.md,0,2
retain,035-InreExscientiaPLCSecuritiesLitigation.md,0,10
exclude,035-NorthernMusicCorpvKingRecordDistributingCo.md,2,0
exclude,035-SailorMusicvMaiKaiofConcordInc.md,3,0
exclude,035-ScrogginsvScroggins.md,6,2
exclude,036-Advanta-STARAutomotiveResearchCorporationofAmericavSearchOpticsLL.md,3,0
retain,036-CityofDetroitPoliceandFireRetirementSystemonBehalfofNiSourceIn.md,0,6
exclude,036-DamvKirkeLaShelleCo.md,0,0
exclude,036-DavillavBrunswick-BalkeCollenderCoofNewYork.md,3,0
exclude,036-DoodyvPenguinGroupUSAInc.md,3,1
retain,036-ESGWattsIncvTheIllinoisPollutionControlBd.md,0,2
retain,036-OHaraCorpvAutoNavMarineSystemsInc.md,0,1
exclude,036-ObergvTwinedgeInc.md,2,0
retain,036-RasconvGober.md,0,2
exclude,037-AdvancedThermalSciencesCorpvAppliedMaterialsInc.md,2,1
exclude,037-ClairvPhiladelphiaStorageBatteryCo.md,1,0
exclude,037-GoldbergvCameron.md,3,1
retain,037-KumaranvNorthlandEnergyTradingLLC.md,0,5
retain,037-NationalCenterforPublicPolicyResearchvSchultz.md,0,6
exclude,037-ThomasvCarter.md,3,0
retain,037-UnitedStatesvJianyuHuang.md,0,1
retain,038-AmericanZurichInsuranceCompanyvESGRepublicInc.md,0,1
exclude,038-FaulknervNationalGeographicSociety.md,4,0
exclude,038-GeneralMotorsCorpvMaritzInc.md,0,0
exclude,038-JalbertvGrautski.md,4,1
exclude,038-PublicAffairsAssociatesIncvRickover.md,1,0
exclude,038-WarnerBrosEntertainmentIncvXOneXProductions.md,4,0
retain,038-WorkCapitalLLCvAlphaOneCapitalPartnersLLC.md,0,3
retain,039-AonplcvInfiniteEquityInc.md,1,4
retain,039-CookseyvCargillMeatSolutionsCorp.md,0,2
exclude,039-DetectiveComicsvBrunsPublications.md,2,0
exclude,039-LearyvManstan.md,3,0
exclude,039-LessemvTaylor.md,1,0
exclude,039-MadridvChronicleBooks.md,4,0
retain,039-SanAntonioFireandPolicePensionFundvDentsplySironaInc.md,0,6
exclude,039-SmithvAlphabetInc.md,5,0
retain,039-TrytekvDerwinski.md,0,2
retain,04-FarnhamvCampariAmericaLLC.md,0,6
exclude,04-MatterofJurez.md,0,0
retain,04-MeevBrown.md,0,2
retain,04-SaveOurAccessetcvWatershedConservationAuthority.md,0,4
retain,04-UtahvMicone.md,0,9
exclude,040-AFDChinaIntellectualPropertyLawUSAOfficeIncvAFDChinaIntellect.md,0,0
retain,040-AdamsvMcDonough.md,0,2
retain,040-HarrisonvLocalOneInternationalUnionofElevatorConstructorsofNewY.md,0,3
exclude,040-KabehievZoland.md,4,1
exclude,040-NorthMississippiMedicalCenterIncvQuartizTechnologies.md,0,0
retain,040-STATEOFMISSOURIPlaintiffvSTARBUCKSCORPDefendant.md,0,8
exclude,040-SpectravestIncvMervynsInc.md,2,0
retain,040-WeberManufacturingTechnologiesIncvPlasanCarbonCompositesInc.md,0,2
retain,041-CleftoftheRockFoundationvWilson.md,1,4
exclude,041-ClonusAssociatesvDreamworksLLC.md,3,0
retain,041-FalkvWest.md,0,2
exclude,041-Geo-PhysicalMapsIncvToycraftCorp.md,2,0
exclude,041-Gerlach-BarklowCovMorrisAndBendien.md,1,0
retain,041-NationalCenterforPublicPolicyResearchvSecuritiesandExchangeCommi.md,0,5
exclude,041-SituationManagementSystemsvASPConsultingGroup.md,2,0
exclude,041-UnitedStatesvHumphrey.md,0,0
retain,042-BucherandChristianConsultingIncvNovitexEnterpriseSolutionsInc.md,0,3
retain,042-HooksvLockheedMartinSkunkWorks.md,0,1
exclude,042-InovisionSoftwareSolutionsIncvAutisIngenierosSLU.md,1,2
exclude,042-MFBFertilityIncvActionCareMobileVeterinaryClinicLLC.md,5,0
exclude,042-NoveltyTextileMillsIncvJoanFabricsCorp.md,2,0
retain,042-RinconDelDiabloMunicipalWaterDistvSanDiegoCountyWaterAuthority.md,0,2
exclude,042-ShehatavThoseAwesomeGuysSRL.md,0,0
exclude,042-TeguvVestalDesignAtelierLLC.md,0,0
retain,043-AllianceforFairBoardRecruitmentvSecuritiesandExchangeCommission.md,0,11
exclude,043-AppleComputerIncvMicrosoftCorp.md,3,1
exclude,043-BasicBooksIncvKinkosGraphicsCorp.md,4,1
exclude,043-FurievInfowarsLLC.md,4,1
exclude,043-FussvBensch.md,3,0
retain,043-InreAttorneysWhoAreinViolationofJudiciaryLawSection468-a.md,0,2
retain,043-JoeHandPromotionsIncvSantana.md,0,1
exclude,043-MareinersLLCvAnomaticCorporation.md,1,1
retain,043-SimmonsvWest.md,0,2
exclude,044-GreatAmericanDuckRacesIncvIntellectualSolutionsInc.md,1,0
exclude,044-GreatAmericanEAndSInsuranceCompanyvTheosMedicalSystemsInc.md,3,2
exclude,044-HorrorIncvMiller.md,2,1
exclude,044-KenbrookeFabricsIncvHollandFabricsInc.md,3,0
retain,044-SkeensvWest.md,0,2
exclude,044-StClairIntellectualPropertyConsultantsIncvSiemensAG.md,0,0
retain,045-BarnettvUS.md,1,3
retain,045-EvansvZBNA.md,0,4
exclude,045-FortgangvPereirasArchitectsUbiquitousLLC.md,3,0
exclude,045-HalozymeIncvIancu.md,0,0
exclude,045-InreDMCASubpoenaToRedditInc.md,3,1
exclude,045-LatourvColumbiaUniversity.md,4,1
exclude,045-NantasketSoftwareIncvFriedman.md,1,1
retain,045-WhaleCoIncvSheinTechnologyLLC.md,7,3
exclude,046-BatemanvMnemonicsInc.md,5,0
retain,046-CBSCorpvUS.md,0,3
exclude,046-LydenvNikeInc.md,1,1
exclude,046-MolekuleGroupIncvAuraSmartAirLtd.md,0,0
exclude,046-Perfect10IncvAmazoncomInc.md,4,0
exclude,046-UnicityMusicIncvOmniCommunicationsInc.md,3,0
exclude,047-DesignBasicsLLCvLexingtonHomesInc.md,3,0
exclude,047-EMIAprilMusicIncvRodriguez.md,3,0
retain,047-HandvWest.md,0,2
exclude,047-HelpatHomeIncvCamEnterprisesLLC.md,1,1
exclude,047-HolyokeMutInsCoinSalemvVibramUSAInc.md,1,0
retain,047-McCollumvTargetCorporation.md,0,3
exclude,047-WhitevAlconFilmFundLLC.md,2,1
exclude,048-AtlanticRecordingCorporationvSpinrillaLLC.md,3,0
retain,048-BattlevCorizonLLC.md,0,1
exclude,048-CharlesWRossBuilderIncvOlsenFineHomeBldgLLC.md,4,1
exclude,048-EdgarHWoodAssociatesIncvSkene.md,2,1
exclude,048-EireogInnovationsLtdvLenovoGroupLimited.md,1,2
exclude,048-InreCandMInvestmentsofHighPointInc.md,0,0
exclude,048-NationalMedicalCareIncvEspiritu.md,3,0
retain,048-WilsonvDerwinski.md,0,2
exclude,049-BodumUSAIncvLifetimeBrandsInc.md,1,0
exclude,049-ChaunceyvLifeCycleEngineeringInc.md,1,2
retain,049-CohenvBrown.md,0,2
retain,049-CountyofCookvIllinoisLaborRelationsBdLocalPanel.md,0,4
exclude,049-InDesignvK-MartApparelCorp.md,4,0
retain,049-LeevFisher.md,0,8
exclude,049-LoewsIncvColumbiaBroadcastingSystem.md,3,0
exclude,049-PhyllisSchlaflyRevocableTrustvCori.md,3,0
retain,05-BoyervWest.md,0,2
retain,05-DayvLSICorporation.md,0,2
retain,05-McGawMedicalCenterofNorthwesternUniversityvDepartmentofEmployment.md,0,3
retain,05-NationalAssnforAdvancementofColoredPeoplevMedicalCenterInc.md,0,2
retain,05-StichtingPensioenfondsMetaalenTechniekvVerizonCommunicationsInc.md,0,9
exclude,050-AmericanMovieClassicsCovTurnerEntertainmentCo.md,3,1
exclude,050-AustinvPhillipMorrisUSA.md,1,0
retain,050-EnvoIncvWalters.md,0,3
retain,050-GorianvSpilker.md,0,1
retain,050-InreTiktokIncMinorPrivacyLitigation.md,0,3
exclude,050-PanterraEngineeredPlasticsIncvTransportationSystemSolutionsLLC.md,2,2
exclude,050-RonaldMayotteAndAssociatesvMGCBldgCo.md,2,0
retain,050-SPayIncvStackMediaInc.md,0,3
retain,050-VolterraSemiconductorCorpvPrimarionInc.md,2,3
exclude,051-HawkvReum.md,0,0
retain,051-InterfaithCenteronCorporateResponsibilityvUnitedStatesSecuritiesa.md,0,7
exclude,051-InternationalKorwinCorpvKowalczyk.md,3,0
exclude,051-LittleMoleMusicvSpikeInvInc.md,3,0
exclude,051-MullervTwentiethCenturyFoxFilmCorp.md,3,0
exclude,051-OttovHearstCommunicationsInc.md,3,1
exclude,052-AlamoTitleCompanyvWFGNationalTitleCompanyofTexasLLC.md,1,2
exclude,052-CapitolRecordsLLCvReDigiInc.md,3,0
retain,052-StericycleIncvCarney.md,0,3
exclude,052-UnitedStatesvFritsch.md,0,0
exclude,052-VargasvTranseau.md,2,0
exclude,052-WestPubCovMeadDataCentInc.md,2,0
retain,053-EvansvAutoClubProperty-CasualtyInsCo.md,0,2
retain,053-GMACvEliteSportsGroup.md,0,1
exclude,053-HarneyvSonyPicturesTelevisionInc.md,2,0
exclude,053-LyonsPartnershipLPvMorrisCostumesInc.md,5,0
retain,053-MeansvAmeriquestMortgCo.md,0,3
exclude,053-MileneMusicIncvGotauco.md,3,0
exclude,053-MourabitvKlein.md,4,1
exclude,053-VicAlexanderAndAssociatesvCheyenneNeonSignCo.md,0,0
retain,054-BaivCMBExportInfrastructureInvestmentGroup48LP.md,0,3
exclude,054-HoffmanvImpactConfectionsInc.md,2,1
exclude,054-ImperialToyCorpvGoffaInternCorp.md,2,0
exclude,054-KrappvMcCarthy.md,1,0
retain,054-MartinOilMarketingLtdvKatzioris.md,0,2
exclude,054-Perfect10IncvCCBillLLC.md,5,0
exclude,054-RemickMusicCorpvInterstateHotelCoofNeb.md,2,0
exclude,055-BriggsvBlomkamp.md,2,1
exclude,055-EagleForumvPhyllisSchlaflysAmericanEagles.md,2,0
exclude,055-FolioImpressionsIncvByerCalifornia.md,3,0
exclude,055-InovaEnergyLLCvPikeCountyLightAndPowerCompany.md,0,0
exclude,055-ReppvWebber.md,4,0
exclude,055-SteinbergvColumbiaPicturesIndustriesInc.md,2,0
retain,056-AgilysysIncvGordon.md,0,2
exclude,056-BlendingwellMusicIncvMoor-LawInc.md,3,0
exclude,056-FuttervParamountPictures.md,0,0
exclude,056-MMBusinessFormsCorpvUarcoInc.md,2,1
exclude,056-PlayboyEnterprisesIncvWebbworldInc.md,3,0
exclude,056-TelemastersIncvVintageClubMasterAssn.md,1,0
exclude,057-DigitalDreamLabsLLCvLivingTechnologyShenzhenCo.md,5,0
exclude,057-EverythingDivineIncvOQuinn.md,0,0
exclude,057-JonesvBlige.md,3,1
exclude,057-NashvilleSupergroupLLCvBridges.md,2,0
retain,057-PettusvEsgrow.md,0,1
exclude,057-StrategicManagementDecisionsLLCvSalesPerformanceInternationalLLC.md,1,1
exclude,058-ArthurRutenbergHomesIncvBerger.md,3,0
exclude,058-CSSIncvHerrington.md,4,2
exclude,058-KriskovMarvelEntertainmentLLC.md,4,0
exclude,058-SergeevichvDenisovich.md,0,0
retain,058-StrasburgervBlackburneAndSonsRealtyCapitalCorp.md,0,4
retain,058-USThrillridesLLCvIntaminAmusementRidesIntCorpEst.md,5,3
exclude,059-BoissonvBanianLtd.md,3,0
retain,059-BrightonTrusteesvTransamericaLifeInsuranceCompany.md,0,1
retain,059-CohenvSudlerAndHennesseyLLC.md,0,1
retain,059-EPAvPollutionControlBd.md,0,3
retain,059-InreVaxartIncSecuritiesLitigation.md,0,2
exclude,059-JayBlahnikIncvWaterRowerInc.md,3,0
exclude,059-ManningvBoardofTrusteesofCommunityCollegeDistNo505ParklandCol.md,2,0
retain,06-AmcorFlexiblesIncvIllinoisCommerceComn.md,0,3
retain,06-CarrollvWest.md,0,2
retain,06-MayfieldvBrown.md,0,2
exclude,06-OkonowskyvGarland.md,0,0
retain,06-UtahvSu.md,0,7
retain,060-GluckvHeclaMiningCo.md,0,4
exclude,060-HomeDesignServicesIncvTurnerHeritageHomesInc.md,3,0
retain,060-MackvNicholson.md,0,2
exclude,060-NichollsvTufenkianImportExportVenturesInc.md,3,0
exclude,060-OracleCorpvDrugLogicInc.md,1,1
exclude,060-RedwallLiveCorpvESGSecurityInc.md,3,1
retain,060-RetractableTechnologiesIncvUnitedStates.md,0,1
exclude,060-WardvBarnesAndNobleInc.md,4,1
retain,061-ChavezvKincaid.md,0,1
exclude,061-EtereoSpiritsLLCvLing.md,1,0
exclude,061-OptimisticInvestmentsLLCvKangarooManufacturingIncorporated.md,3,0
exclude,061-PeterPanFabricsIncvCandyFrocksInc.md,2,0
exclude,061-RichmondHomesManagementIncvRaintreeInc.md,3,1
retain,061-RobecoCapitalGrowthFundsSICAVRobecoGlobalConsumerTrendsvPeloto.md,0,4
retain,061-UnitedStatesexrelMeiLingvCityofLosAngeles.md,0,6
exclude,062-CardwellvORSAInstituteLLC.md,1,1
retain,062-KatziorisvMartinOilMarketingLtd.md,0,2
exclude,062-ShapiroBernsteinAndCovJerryVogelMusicCo.md,3,0
retain,062-ShieldsvFederationInternationaledeNatation.md,0,3
exclude,062-TestavJanssen.md,3,0
exclude,062-WarnerBros-SevenArtsIncvKalantzakis.md,2,0
retain,063-FintechLeadersFundLLCvCogut.md,0,2
exclude,063-GrossovMiramaxFilmCorp.md,3,1
retain,063-HayesvBrown.md,0,2
exclude,063-InreColoradoAltitudeTrainingLLC.md,2,0
exclude,063-InreQuadSystemsCorp.md,0,0
exclude,063-KeyWestHandPrintFabricsIncvSerbinInc.md,3,0
exclude,063-WeissmannvFreeman.md,3,0
exclude,064-CastorinavSpikeCableNetworksInc.md,1,0
retain,064-CollinsvilleCommunityUnitSchoolDistNo10vRegionalBdofSchoolTrus.md,0,3
exclude,064-DecorativeAidesCorpIncvStapleSewingAidesCorp.md,6,0
exclude,064-GilpinvSiebert.md,2,0
exclude,064-LowrysReportsIncvLeggMasonInc.md,3,2
exclude,064-SCQuAREInternLtdvBBDOAtlantaInc.md,5,0
exclude,065-BroadcastMusicIncvMcDadeAndSonsInc.md,3,0
exclude,065-CengageLearningIncvGoogleLLC.md,5,0
exclude,065-DenticuraCovNewJerseyStateDentalSoc.md,0,0
exclude,065-IncatCrowtherAmericaLLCvBirdonAmericaInc.md,1,1
exclude,065-MazzuvMazzu.md,0,0
retain,065-WellsFargoBankNationalAssociationvTransamericaLifeInsuranceCompan.md,0,1
exclude,066-BerryvHoffman.md,1,0
exclude,066-EMIAprilMusicIncvWhite.md,3,0
exclude,066-FinkvGoodson-TodmanEnterprisesLtd.md,1,2
exclude,066-SocietyofHolyTransfigurationMonasteryIncvGregory.md,3,1
exclude,066-SystemsUnlimitedIncvCiscoSystemsInc.md,0,0
retain,066-WestchestervUSDeptofHousingandUrbanDevelopment.md,0,1
retain,067-GeoMetWatchCorpvHall.md,0,2
exclude,067-JohnWileyAndSonsIncvBookDogBooksLLC.md,5,0
exclude,067-MidlevelUIncvACIInformationGroup.md,3,0
retain,067-ShaikvMurrayCountyCommissioners.md,0,1
exclude,067-SonyMusicEntertainmentvCoxCommunicationsInc.md,4,0
retain,067-TijanivWest.md,0,2
exclude,067-WozniakvWarnerBrosEntertainmentInc.md,3,0
retain,068-BelucaVenturesLLCvEinrideAktiebolag.md,1,3
retain,068-InreTM.md,0,1
retain,068-LayneChristensenCovBro-TechCorp.md,2,4
exclude,068-MiTekHoldingsIncvArceEngineeringCoInc.md,3,0
exclude,068-ProCDIncvZeidenberg.md,3,2
exclude,068-ThomsonvFloyd.md,0,0
exclude,068-WilliamsvAAndETelevisionNetworks.md,3,0
exclude,069-CartervNevadaSystemofHigherEducation.md,4,0
retain,069-ClarkvWest.md,0,2
exclude,069-ForestParkPicturesvUniversalTelevisionNetworkInc.md,4,2
exclude,069-ManningvMicrosoftInc.md,0,0
exclude,069-NationalComicsPublicationvFawcettPublications.md,0,0
retain,069-RogersvNicholson.md,0,2
exclude,069-USvWise.md,2,0
retain,07-BishopvBrown.md,0,2
retain,07-ConcernedAboutTridentvRumsfeld.md,0,2
retain,07-MakhloufvTailoredBrandsInc.md,0,5
retain,07-ZeichnervNordSecurityInc.md,0,2
exclude,070-BillcoInternIncvCharlesProductsInc.md,3,0
retain,070-ChesapeakeBayFoundationIncvCommonwealthexrelVirginiaStateWaterC.md,0,5
exclude,070-CranevPoeticProductsLtd.md,3,0
exclude,070-EnigmaSoftwareGroupUSALLCvBleepingComputerLLC.md,5,1
retain,070-HARLEYSVILLEINSURANCECOMPANYetalPlaintiffsvSKMINDUSTRIESINCetal.md,3,3
retain,070-LiberatorvWest.md,0,2
exclude,070-PurohitvLegendPicturesLLC.md,2,0
retain,070-SabaCapitalMasterFundLtdvBlackRockESGCapitalAllocationTermTrust.md,0,6
exclude,070-YurmanDesignIncvPAJInc.md,4,1
retain,071-CampbellvUnitedHealthcareInsuranceCompany.md,0,3
exclude,071-DragonIntellectualPropertyLLCvSiriusXMRadioInc.md,0,0
exclude,071-EdwardBMarksMusicCorpvBorstMusicPubCo.md,3,0
retain,071-MarshallvGalvanoni.md,0,3
exclude,071-PaySysInternationalIncvAtosSeWorldlineSAAtosITServicesLtd.md,4,0
exclude,071-SherwoodvTwentiethCentury-FoxFilmCorporation.md,0,0
exclude,071-TanksleyvDaniels.md,3,0
retain,071-VanMilligenvDepartmentofEmploymentSecurity.md,0,3
retain,071-WallvWescomCentralCreditUnion.md,0,2
exclude,072-AtariIncvNorthAmericanPhilipsConsumerElectronicsCorp.md,4,0
exclude,072-BenAndJerrysHomemadeIncvRodaxDistributorsInc.md,0,0
exclude,072-ElevateFederalCreditUnionvElevationsCreditUnion.md,2,2
retain,072-InreFuboTVIncSecuritiesLitigation.md,0,4
retain,072-LicensingDevelopmentGroupIncvFreedman.md,0,1
exclude,072-StabilevPaulSmithLimited.md,1,0
exclude,072-UnitedStatesexrelTrochevRapone.md,0,0
retain,073-GreenpointMortgFundingIncvFamilyFirstMortgInc.md,0,1
retain,073-InreMandel.md,2,3
exclude,073-OneTwoThreeLLCvTrentham.md,0,0
retain,073-SVBFinancialTrustvFederalDepositInsuranceCorporation.md,0,4
exclude,073-ScottvParamountPicturesCorp.md,1,0
exclude,073-UnicolorsIncvUrbanOutfittersInc.md,3,0
retain,073-WilsonvStateEmployeesRetirementSystemofIllinois.md,0,3
retain,074-AuburnUniversityvInternationalBusinessMachinesCorp.md,0,1
exclude,074-ESGbyhisParentsMSandFGvCollingswoodBdofEduc.md,0,0
exclude,074-FrossZelnickLehrmanAndZissuPCvGeer.md,0,0
exclude,074-HartmannvPopcornflixcomLLC.md,3,0
retain,074-HendersonvAxiamInc.md,2,4
exclude,074-WarnerBrosIncvLobsterPotInc.md,3,0
exclude,075-AprilProductionsIncvGSchirmerInc.md,1,0
retain,075-BollingervGober.md,0,2
exclude,075-CleverCoversIncvSouthwestFloridaStormDefenseLLC.md,4,1
exclude,075-CohenvGAndMRealtyLP.md,3,1
exclude,075-KlekasvEMIFilmsInc.md,3,2
exclude,075-TingleySystemsIncvHealthLinkInc.md,3,0
exclude,076-AckervKing.md,1,0
exclude,076-BlueSkyBioLLCvFederalInsCo.md,3,0
exclude,076-NewParentWorldLLCvTrueToLifeProductionsInc.md,4,0
exclude,076-NihonKeizaiShimbunIncvComlineBusinessDataInc.md,5,0
retain,076-UllimanSchutteConstIncvEmersonProcessManagementPowerAndWaterSol.md,0,2
exclude,076-ZappavRykodiscInc.md,3,0
retain,077-ApothioLLCvKernCounty.md,0,2
exclude,077-BuckvRusso.md,1,0
exclude,077-DavisonvCIR.md,0,0
exclude,077-DeMontijov20thCenturyFoxFilmCorp.md,3,0
retain,077-InreGoldenHeavenGroupHoldingsLtdSecuritiesLitigation.md,0,2
exclude,077-NocoCompanyvMacCalaburInvestmentsLLC.md,2,0
exclude,077-ParagonComponentSystemsLLCvQualtimInc.md,1,0
exclude,078-BushvLaggoPropertiesLLC.md,3,0
exclude,078-DynamicMeasurementGroupIncvUniversityofOregon.md,5,2
exclude,078-HitachiLtdvTatungCo.md,1,1
retain,078-KramervGroundZeroCryptoLLC.md,0,2
exclude,078-MarcoBicegoSPAvKantis.md,5,1
exclude,079-AbdinvCBSBroadcastingInc.md,3,0
exclude,079-AppleIncvMotorolaMobilityInc.md,1,1
exclude,079-CableVisionIncvKUTVInc.md,2,0
exclude,079-FormFactorIncvMarTekInc.md,0,0
retain,079-McKeownvNicholson.md,0,2
retain,079-ODeenvWest.md,0,2
exclude,079-SkycamIncvBennett.md,4,1
retain,079-WheatonFirefightersUnionLocal3706vIllinoisLaborRelationsBdState.md,0,3
retain,08-BrittinghamvWest.md,0,2
retain,08-InreKatrinaCanalBreachesConsolidatedLitigation.md,0,2
retain,08-MondryvSpeedwaySuperamericaLLC.md,0,2
exclude,08-RoedervIslamicRepublicofIran.md,1,1
exclude,080-AtlanticRecordingCorpvProjectPlaylistInc.md,4,0
retain,080-ColdwellvRiteCorpEnvironmentalPropertySolutions.md,0,2
exclude,080-DishNetworkLLCvFraifer.md,3,0
exclude,080-HKMEnterprisesIncvParsonsGovernmentServicesInc.md,1,0
retain,080-LiuvFidelityNationalTitleCompany.md,0,2
exclude,080-USexrelBergevBoardofTrusteesoftheUniversityofAlabama.md,4,0
exclude,080-WilliamsvGaye.md,3,1
retain,081-InreCondemnationbyCityofCoatesville.md,0,2
exclude,081-LaRosevCombs.md,3,1
exclude,081-OlsonvTenney.md,2,0
retain,081-PalomaResourcesLLCvAxisInsuranceCompany.md,1,3
exclude,081-TCATelevisionCorpvMcCollum.md,3,0
retain,081-VanderArkvHAFCorporation.md,0,3
exclude,082-B2BCFOPartnersLLCvKaufman.md,3,0
retain,082-InreAccessCardiosystemsInc.md,1,4
retain,082-InreGGIHoldingsLLC.md,0,2
exclude,082-LarsonvDorland.md,4,0
exclude,082-RickettsvCBSCorporations.md,5,2
retain,083-ArandavCaribbeanCruiseLineInc.md,0,2
exclude,083-Inter-CityPressIncvSiegfried.md,2,0
exclude,083-IrvingIronWorksvKerlowSteelFlooringCo.md,0,0
exclude,083-MillsMusicvCromwellMusic.md,3,0
exclude,083-OldnarCorporationvSanyoNorthAmericaCorporation.md,0,0
retain,083-PeoplebyJamesvExxonMobilCorporation.md,0,9
exclude,083-ThimbleberriesIncvCAndFEnterprisesInc.md,2,0
exclude,084-CountryRoadMusicIncvMP3comInc.md,3,0
exclude,084-FrinkAmericaIncvChampionRoadMachineryLtd.md,2,1
exclude,084-InreFrontierCommunicationsCorporation.md,3,0
exclude,084-JohnsonvFoxx.md,1,0
retain,084-NationalAssociationofManufacturersvUnitedStatesSecuritiesandExcha.md,0,5
retain,084-PersonsvGober.md,0,2
exclude,084-ThomasvRJReynoldsTobaccoCo.md,0,0
exclude,085-ButlervTargetCorp.md,4,0
retain,085-JosephsHouseandShelterIncvCityofTroyNY.md,0,1
exclude,085-PruntevUniversalMusicGroupInc.md,4,1
exclude,085-SuntrustBankvHoughtonMifflinCo.md,3,0
exclude,085-TangleIncvAritziaInc.md,2,0
retain,085-UnitedStatesvCrescendoBioscienceInc.md,0,1
exclude,085-WindgateSoftwareLLCvMinnesotaComputersInc.md,2,0
retain,085-WrightvOshkoshCorporation.md,0,1
exclude,086-ACTIncvWorldwideInteractiveNetworkInc.md,3,0
exclude,086-DeckersOutdoorCorporationvLastBrandInc.md,2,2
exclude,086-HomeDesignServicesIncvStarwoodConstInc.md,3,0
exclude,086-NerivMonroe.md,1,0
exclude,086-RocheMolecularSystemsIncvForesightDiagnosticsInc.md,1,2
exclude,086-USvMoore.md,2,0
retain,086-UnitedStatesexrelDietervCityofMilwaukee.md,0,2
exclude,087-CourPharmaceuticalsDevelopmentCompanyIncvPhosphorexInc.md,0,0
exclude,087-CrossKeysPubCoIncvLLBarTLandAndCattleCoInc.md,2,0
retain,087-ErhardtvWest.md,0,2
exclude,087-GuslervFischer.md,4,2
exclude,087-MajorBobMusicvStubbs.md,3,0
exclude,087-MartinvCityofIndianapolis.md,3,0
exclude,088-BritwareConsultingIncvCon-TechManufacturingInc.md,3,0
retain,088-GorssMotelsIncvIllenProductsLtd.md,0,3
exclude,088-InreDavidsonHydrantTechnologiesInc.md,2,1
retain,088-InreTransunionDerivativeStockholderLitigation.md,0,3
exclude,088-MerkosLInyoneiChinuchIncvJohnDoeNos1-25.md,2,0
exclude,088-MillerStudioIncvPacificImportCo.md,2,0
retain,088-PoletvESGSecInc.md,0,1
exclude,089-ECIMOSLLCvCarrierCorporation.md,3,1
exclude,089-HassettvHasselbeck.md,2,0
retain,089-MartinLutherKingJrCountyvTurner.md,0,5
exclude,089-PolygramInternPubIncvNevadaTIGInc.md,3,0
retain,089-PressPubCovMonroe.md,0,1
retain,089-StonevNicholson.md,0,2
exclude,089-TMTVCorpvMassProductionsInc.md,3,1
retain,09-JeffersonWilbertLeeSrvBrownJesseSecretaryofVeteransAffairs.md,0,2
retain,09-KellyvBrown.md,0,2
retain,09-LiveNationWorldwideIncvSecuraInsurance.md,0,1
retain,09-PhysiciansforSocialResponsibility-LosAngelesvUSEPA.md,0,3
retain,09-SanchezvWalmartInc.md,0,7
exclude,090-AmericanCodeCovBensinger.md,1,0
exclude,090-BaxtervMCAInc.md,1,0
exclude,090-LotterycomIncvBrier.md,0,0
exclude,090-NationalCompressorExchangeIncvJoseGarrigaHijoInc.md,5,0
exclude,090-SuperiorEdgeIncvMonsantoCo.md,1,2
exclude,091-EliotvGeare-MarstonInc.md,1,0
exclude,091-LEGOASvBest-LockConstructionToysInc.md,5,0
exclude,091-RosenvHostingServicesInc.md,3,0
exclude,091-ServproIntellectualPropertyIncvBlanton.md,0,0
retain,092-BuhrkeFamilyRevocableTrustvUSBancorp.md,0,4
retain,092-CityPensionFundforFirefightersandPoliceOfficersinCityofTampaBa.md,0,7
exclude,092-InreISECorporation.md,0,0
exclude,092-LFOConnellAssociatesIncvMcgetrick.md,2,1
exclude,092-Lang-CorreavDiaz-Carlo.md,3,0
exclude,092-NationwideGeneralInsuranceCompanyvLennon.md,3,0
exclude,092-PruntevUniversalMusicGroup.md,1,0
exclude,093-MontgomeryvHolland.md,1,1
retain,093-NationalFairHousingAlliancevCarson.md,0,6
exclude,093-OracleUSAIncvRiminiStreetInc.md,3,1
exclude,093-PetersonvGoldin.md,3,0
retain,093-SpaffordvWest.md,0,2
retain,093-StClairIntellectualPropertyConsultantsIncvAcerInc.md,0,1
retain,093-TwymanvDepartmentofEmploymentSecurity.md,0,3
exclude,093-VerusPharmaceuticalsIncvAstraZenecaAB.md,0,0
exclude,094-AricaInstituteIncvPalmer.md,4,0
exclude,094-InreHolleyPerformanceProductsInc.md,0,0
exclude,094-McGuckenvNewsweekLLC.md,4,0
exclude,094-RalphvPipkin.md,1,1
exclude,094-StokesvMilkChocolateNYCLLC.md,3,0
retain,095-EqualEmploymentOpportunityCommissionvEmployerSolutionsGroupLLC.md,0,1
exclude,095-L1TechnologiesIncvChekanov.md,2,1
exclude,095-MartinezvTexasStateBdofMedicalExaminers.md,0,0
exclude,095-McDermottvKalitaMukulCreativeInc.md,3,2
exclude,095-TalbotsIncvCommissionerofRevenue.md,0,0
exclude,095-ThreeBoysMusicCorpvBolton.md,3,0
retain,095-VanderArkTrusteeofLorraineJVanderArkTrustvVenableLLP.md,0,1
exclude,096-CognotecServicesLtdvMorganGuarTrustCoofNewYork.md,4,0
retain,096-EstesvStrategicResourceSolutionsCorp.md,0,1
retain,096-HopeofKentuckyLLCvCameron.md,0,9
exclude,096-NationalPasteurizedEggsLLCvDavidson.md,1,2
exclude,096-NuttvNationalInstIncfortheImpofMemory.md,1,0
exclude,096-UnilocUSAIncvInmagineCorporationLLC.md,0,0
retain,096-WasteManagementofIllinoisIncvIllinoisPollutionControlBd.md,0,3
exclude,097-AllenvCooper.md,3,0
exclude,097-FlyingPigsLLCvRRAJFranchisingLLC.md,1,0
exclude,097-HedemanProductsCorpvTap-RiteProductsCorp.md,2,0
exclude,097-LonasLilEatsLLCvDoorDashInc.md,1,1
exclude,097-SAPCIncvLotusDevelopmentCorp.md,2,0
retain,097-StencilvUnitedStates.md,0,1
retain,098-AcecoValvesLLCvNeal.md,0,1
exclude,098-BeasleyvAveryDennisonCorp.md,1,1
exclude,098-BlumcraftofPittsburghvNewmanBrosInc.md,0,0
exclude,098-IntervestConstIncvCanterburyEstateHomesInc.md,2,0
exclude,098-KidStuffMarketingIncvCreativeConsumerConceptsInc.md,3,0
exclude,099-ISSResearchLLCvFederalInsCo.md,1,0
exclude,099-InreCollinsAndAikmanCorp.md,0,0
retain,099-KoskiniemivJennings.md,0,3
exclude,099-Nelson-SalabesIncvMorningsideDevelopmentLLC.md,2,1
retain,099-PanhandleEasternPipeLineCovIllinoisEPA.md,0,4
exclude,099-SpandexHouseIncvHartfordFireInsuranceCompany.md,1,0
retain,10-GarlandvChildrensPlaceInc.md,0,4
retain,10-MoreauvBrown.md,0,2
retain,10-SanFranciscansforLivableNeighborhoodsvCityandCountyofSanFrancisc.md,0,5
retain,10-TibblevEdisonIntern.md,0,2
retain,10-WojcikonbehalfofOmegaHealthcareInvestorsIncvOmegaHealthcareInves.md,0,7
exclude,100-BarcroftMediaLtdvCoedMediaGroupLLC.md,3,0
exclude,100-DorseyvOldSurLifeInsCo.md,1,0
retain,100-FinBrandPositioningLLCvTake2DoughProductionsInc.md,0,1
retain,100-InreHorvath.md,0,1
exclude,100-SteelevTurnerBroadcastingSystemInc.md,3,0
retain,100-TalipotESGInvestmentsLLCvBulltickFinancialAdvisoryServicesLLC.md,0,3
retain,11-FiremensRetirementSystemofStLouisonbehalfofMarriottInternational.md,0,4
retain,11-FormanvTriHealthInc.md,0,5
retain,11-KahnertvKotick.md,0,6
retain,11-LathanvBrinegar.md,0,3
retain,12-BurnsvDepartmentofEmploymentSec.md,0,3
retain,12-FifthThirdBancorpvDudenhoeffer.md,0,3
retain,12-Koppelv4987Corp.md,0,3
retain,12-LosAngelesWaterkeepervStateWaterResourcesControlBd.md,0,3
retain,13-WileyvESGSecurityInc.md,0,1
retain,14-FederationofHillsideandCanyonAssociationsvCityofLosAngeles.md,0,1
retain,14-InreON24IncSecuritiesLitigation.md,0,2
retain,15-BrownvElementarySchoolDistrict159.md,0,2
retain,15-NelsonvUSCitizenshipandImmigrationServices.md,0,3
retain,15-WilliamsburgAroundtheBridgeBlockAssnvGiuliani.md,0,2
retain,16-AmesvNielsen.md,0,1
retain,16-ChengvActivisionBlizzardInc.md,0,7
retain,16-NewYorkCityCoalitiontoEndLeadPoisoningIncvVallone.md,0,1
exclude,16-TexasAntiquitiesCommitteevDallasCountyCommunityCollegeDist.md,0,0
retain,17-CityofDavisvColeman.md,0,3
retain,17-HarwellvWest.md,0,1
retain,17-PerezvVezerIndustrialProfessionalsInc.md,0,2
retain,17-SmithvCommonSpiritHealth.md,0,3
retain,18-CaliforniaNativePlantSocietyvCityofSantaCruz.md,0,3
retain,18-InreHawaiianElectricIndustriesIncStockholderDerivativeLitigation.md,0,6
retain,18-InterfaithCenteronCorporateResponsibilityvUnitedStatesSecuritiesan.md,0,7
retain,18-VeazeyvBaker.md,0,3
retain,19-EstateofDownsvWebster.md,0,2
retain,19-InreTargetCorpShareholderClassActionLitigation.md,0,7
retain,19-KilakilaOHaleakalavUniversityofHawaiiandDavidLassner.md,0,3
retain,19-TheodorevPurecycleTechnologiesInc.md,0,5
retain,20-MemingervIllinoisDepartmentofHumanServices.md,0,2
retain,20-MorrisAndDicksonCoIncvJonesBrothersCoInc.md,0,3
retain,20-ZaryckivBrown.md,0,2
retain,21-MallozzivInnovativeIndustrialPropertiesInc.md,0,5
retain,21-TellabsIncvMakorIssuesAndRightsLtd.md,0,1
retain,23-PeopleexrelRaoulvLincolnLtd.md,0,4
retain,24-AmerenTransmissionCompanyofIllinoisvHutchings.md,0,2
retain,24-InreMetaMaterialsIncSecuritiesLitigation.md,0,8
retain,25-PapishvBoardofCuratorsofUniversityofMissouri.md,0,1
retain,26-CampaignforQualityEducationvStateofCalifornia.md,0,1
retain,26-PeopleexrelRyanvMcHenryShoresWaterCo.md,0,3
retain,27-HandalvInnovativeIndustrialPropertiesInc.md,0,6
retain,27-MollvTelesectorResourcesGroupInc.md,0,3
retain,27-RandolphCountyBdofEducvAdams.md,0,1
retain,28-HowellvMillersvilleUniversityofPennsylvania.md,0,2
retain,28-LenkvMonolithicPowerSystemsIncorporated.md,0,7
retain,29-EvolutionServicesGroupLLCvCBLRealtySE.md,0,1
retain,29-RapoportvAsiaElectronicsHoldingCoInc.md,0,2
retain,29-SizemorevPrincipi.md,0,2
retain,30-EmeraldCasinoIncvIllinoisGamingBd.md,0,2
retain,30-IdeogenicsLLCvUnitedStates.md,0,1
retain,30-ParkervGKNNorthAmericaServicesInc.md,0,4
retain,31-IllinoisEPAvJerseySanitationCorp.md,0,3
retain,31-StatevRiddle.md,0,1
retain,32-ConcernedCitizensofTimberchasevMorrisConstructionCo.md,0,2
retain,32-ShafervIllinoisWorkersCompensationComn.md,0,2
retain,33-LocksmithvChippenhamHosp.md,0,1
retain,33-SwepiLPvMoraCountyNM.md,0,9
retain,34-DeCarloAndDollIncvOrangeEconomicDevelopmentCorp.md,0,2
retain,34-HarbourAntibodiesBVvTeneobioInc.md,1,3
retain,34-PennsylvaniaAssociationofRuralandSmallSchoolsvRidge.md,0,3
retain,35-ChathamHoldingsVILLCvHermida.md,0,3
retain,35-MyersvHasara.md,0,2
retain,35-SangamonCountySheriffsDeptvStateHumanRightsComn.md,0,3
retain,36-BurkevOxfordHouseofOregonChapterV.md,0,1
retain,36-DizogliovBrown.md,0,2
retain,37-ThorntonvKrogerCompany.md,0,3
retain,38-CommunityLandfillCovIllinoisPollutionControlBd.md,0,4
retain,38-HarvardClimateJusticeCoalitionvPresidentandFellowsofHarvardColleg.md,0,4
retain,39-MalabedvNorthSlopeBorough.md,0,3
retain,39-SimeonevWaltDisneyCompany.md,0,7
retain,40-DrummondCompanyIncvCollingsworth.md,1,4
retain,40-SgaggiovWeiser.md,0,1
retain,41-McRitchievZuckerberg.md,0,9
retain,41-WashingtonvUSDepartmentofCommerce.md,0,9
retain,42-CommunityLandfillCovPollutionControlBd.md,0,3
retain,42-OxfordHouse-CvCityofStLouis.md,0,3
exclude,43-ThackervTexasAlcoholicBeverageCommission.md,0,0
retain,43-TownshipofHaverfordvUpperDarbyZoningHearingBoard.md,0,3
exclude,43-UnitedCapitalSourceLLCvBenisvy.md,1,2
retain,44-LimcacovWynn.md,0,3
retain,44-LoneyvScurr.md,0,1
retain,44-ToyalAmericaIncvIllinoisPollutionControlBd.md,0,5
retain,46-HawaiiexrelTorricervLibertyDialysis-HawaiiLLC.md,0,1
retain,46-WexfordScienceandTechnologyLLCvCityofPittsburghZoningBoardofAdj.md,0,6
retain,47-CityofMorrisvCommunityLandfillCo.md,0,3
retain,47-LosAngelesCityEmployeesRetirementSystemvSanford.md,0,5
exclude,47-OReillyvTPICAPGlobalMarketsAmericasLLC.md,1,2
retain,48-ColevPrincipi.md,0,2
retain,48-TrindadevSunnovaEnergyInternationalInc.md,0,7
retain,49-ShepherdvGannondale.md,0,2
retain,50-BrownriggvDerwinski.md,0,2
retain,50-GrayvImperialPacificInternationalCNMILLC.md,0,3
retain,50-PauleyvKelly.md,0,3
retain,51-GramsvAutozoneInc.md,0,2
retain,52-ChicagoTeachersUnionLocal1AmericanFederationofTeachersAFL-CIOvIl.md,0,2
retain,52-JeffersonvSouthworth.md,0,1
retain,53-InreAbbottLaboratoriesInfantFormulaShareholderDerivativeLitigation.md,0,8
retain,53-JonesvMatkin.md,0,2
retain,53-ViacomIncvUS.md,0,2
retain,54-VogueTyreandRubberCovOfficeofStateFireMarshalofState.md,0,4
retain,54-ZykanvWarsawCommunitySchoolCorp.md,0,1
retain,55-HallvBoardofEducofChicagoPublicSchoolDist.md,0,2
retain,55-SkeenvState.md,0,1
retain,55-StateexrelKobachvHarper.md,0,2
retain,56-SorentoParentsCommitteeofTenvRegionalBoardofSchoolTrusteesforBo.md,0,2
retain,57-HoovervWestVirginiaBdofMedicine.md,0,2
retain,57-InreInterestofLC.md,0,1
retain,58-BoardofEducofIndianPrairieCommunityUnitSchoolDistNo204vRegiona.md,0,2
retain,58-CityofNewarkCityofNewark-DivSewerandWatervWestMilfordTownship.md,0,7
retain,58-KobrineLLCvMetzger.md,0,2
retain,59-CookCountySheriffsEnforcementAssnvCountyofCook.md,0,4
exclude,59-GartenTruckingLCvNationalLaborRelationsBoard.md,1,2
retain,60-EstateofMorrissettevCommissionerofInternalRevenue.md,0,4
retain,60-Martnez-NegrnvCocaColaPuertoRicoBottlers.md,0,2
retain,60-PeopleexrelMadiganvIllinoisCommerceComn.md,0,3
retain,61-SWEPILPvMoraCountyNM.md,0,6
retain,62-DiscreteWirelessIncvColemanTechnologiesInc.md,0,1
retain,63-InreNarjisLLC.md,0,1
retain,63-MorganvBakerHughesIncorporated.md,0,3
retain,64-ConfederatedTribesofGrandRondeCommunityofOregonvJewell.md,0,5
retain,65-DelawareansforEducationalOpportunityvCarney.md,0,3
retain,65-VeazeyvDoherty.md,0,3
retain,66-BarronvIllinoisHumanRightsCommission.md,0,3
retain,66-WilliamPennSchoolDistrictvPennsylvaniaDepartmentofEducation.md,0,4
retain,67-CostellovCityofBrigantine.md,3,3
retain,67-DyjakvHou.md,0,3
retain,68-EnSourceInvestmentsLLCvWillis.md,0,3
retain,68-StatevBorchardt.md,0,2
retain,69-Cruz-GuzmanvState.md,0,2
retain,69-JacksonvState.md,0,2
retain,70-CampaignforFiscalEquityvState.md,0,4
retain,70-SardinvPeople.md,0,2
retain,71-HillvFairfaxCountySchoolBd.md,0,2
retain,72-OneElevenFoodAndLiquorIncvCityofChicago.md,0,3
retain,74-BoardofSuprsofPrinceWilliamCountyvParsons.md,0,1
retain,76-AGEdwardsIncvSecretaryofStateDeptofSecuritiesofStateofIll.md,0,2
retain,77-BradfordvUniversityCivilServiceMeritBoardofUniversityCivilService.md,0,3
retain,78-WaltersvDepartmentofLabor.md,0,3
retain,79-BeggsvBoardofEducofMurphysboroCommunityUnitSchoolDistNo186.md,0,2
retain,81-JonesvCahokiaUnitSchoolDistNo187.md,0,2
retain,83-CignavIllinoisHumanRightsCommission.md,0,3
retain,84-CartervHumanRightsCommission.md,0,3
retain,85-ThomasvDiener.md,0,2
retain,86-MHANYManagementIncvCountyofNassau.md,0,2
retain,88-UltschvIllinoisMunRetirementFund.md,0,4
retain,90-PeopleexrelMadiganvJTEinoderInc.md,0,5
retain,91-PeopleexrelMadiganvPetcoPetroleumCorp.md,0,4
retain,92-InreSolarEdgeTechnologiesIncSecuritiesLitigation.md,0,5
exclude,94-SSvState.md,1,0
retain,95-EdwardsvPekinMemorialHospital.md,0,3
